id,date,prediction
STK000,2023-11-17,0.18800585245598161
STK000,2023-11-24,-0.07117050993627272
STK000,2023-12-01,-0.22404058966998036
STK000,2023-12-08,-0.22461436749672098
STK000,2023-12-15,-0.4707476707563745
STK000,2023-12-22,-0.3252751956258771
STK000,2024-01-26,-0.17357628700921796
STK000,2024-02-02,-0.3543682599047098
STK000,2024-02-09,-0.31746283702554007
STK000,2024-02-16,-0.4947847252622301
STK000,2024-02-23,-0.4267994063908151
STK000,2024-03-01,-0.10778419825290253
STK000,2024-03-08,-0.3571349040182555
STK000,2024-03-15,-0.27644622600206986
STK000,2024-03-22,-0.34341905629984876
STK000,2024-03-29,-0.29887549757208537
STK000,2024-04-05,-0.030413188623173437
STK000,2024-04-12,-0.07404871756988796
STK001,2023-12-01,-0.08551105816616672
STK001,2023-12-08,0.15369165630096393
STK001,2023-12-15,0.21967452073848892
STK001,2023-12-22,-0.025275893015517192
STK001,2023-12-29,-0.14833003489903607
STK001,2024-02-16,-0.3502828902197958
STK001,2024-02-23,-0.20158953235806837
STK001,2024-03-01,-0.1182335339080613
STK001,2024-03-08,-0.2829217974176869
STK001,2024-03-15,-0.022142250091058635
STK001,2024-03-22,0.1652008899242306
STK001,2024-03-29,0.08166677281857848
STK001,2024-04-05,0.16683679319596129
STK001,2024-04-12,-0.024196141202382337
STK002,2023-11-10,0.1527862483963961
STK002,2023-11-17,0.1741183179781549
STK002,2023-11-24,0.11719031227483921
STK002,2023-12-01,0.42611566112170124
STK002,2023-12-08,0.34887563832656093
STK002,2023-12-15,0.12961592124225893
STK002,2023-12-22,0.2361826471704384
STK002,2023-12-29,0.2543176318186204
STK002,2024-01-05,0.3273533832425281
STK002,2024-01-12,0.5837794612586176
STK002,2024-01-19,0.6877025474407195
STK002,2024-01-26,0.5722259775513132
STK002,2024-02-02,0.7668541856889837
STK002,2024-02-09,0.9548629678723151
STK002,2024-02-16,0.6810994352404276
STK002,2024-02-23,0.4613129549179238
STK002,2024-03-01,0.4399614823288246
STK002,2024-03-08,0.3010356043435933
STK002,2024-03-15,0.29346186993499906
STK002,2024-03-22,0.2541000940122182
STK002,2024-03-29,-0.09044214469605744
STK003,2023-11-10,-1.0872535510178658
STK003,2023-11-17,-1.111480633690241
STK003,2023-11-24,-0.7422128264358774
STK003,2023-12-01,-0.4794064264122792
STK003,2023-12-08,-0.7795297024798808
STK003,2023-12-15,-0.5474791016702178
STK003,2023-12-22,-0.6536721459609314
STK003,2023-12-29,-0.2829834144452153
STK003,2024-01-19,-0.3413674645646995
STK003,2024-01-26,-0.5097794332614423
STK003,2024-02-02,-0.5881371886915039
STK003,2024-02-09,-0.4579308243327967
STK003,2024-02-16,-0.3598417183033042
STK003,2024-02-23,-0.18794309435504014
STK003,2024-03-01,-0.06945039195045727
STK003,2024-03-08,0.133385684816891
STK003,2024-03-15,-0.2868465898025085
STK003,2024-03-22,-0.007560816869799758
STK003,2024-03-29,-0.020935564142478658
STK003,2024-04-05,-0.05590718952185736
STK004,2023-11-10,0.2446883743845803
STK004,2023-11-17,0.13179550639077647
STK004,2023-11-24,0.07913424556466103
STK004,2023-12-01,0.32181414301571887
STK004,2023-12-08,0.13591247967807624
STK004,2023-12-15,0.08956230886991423
STK004,2023-12-22,0.010488172202888946
STK004,2023-12-29,-0.12196471528851849
STK004,2024-01-05,-0.06550730173267394
STK004,2024-01-12,0.049749851692061614
STK004,2024-01-19,0.29539556348298424
STK004,2024-01-26,0.5032920420854957
STK004,2024-02-02,0.5299346002571831
STK004,2024-02-09,0.3971309018111756
STK004,2024-02-16,0.5073113750072575
STK004,2024-02-23,0.5020505245675231
STK004,2024-04-12,0.6346279809757949
STK005,2023-11-10,0.42749556166045743
STK005,2023-11-17,0.49947488464733597
STK005,2023-11-24,0.3628884068494056
STK005,2023-12-01,0.2819069608278357
STK005,2023-12-08,0.07652417248851151
STK005,2023-12-15,0.04830384398210588
STK005,2023-12-22,-0.008832902390869396
STK005,2023-12-29,0.2092528229913778
STK005,2024-01-05,0.2690676994047488
STK005,2024-01-12,0.31511879644695606
STK005,2024-01-19,0.2566764894969957
STK005,2024-01-26,0.10870942484319689
STK005,2024-02-02,0.18853468158618408
STK005,2024-02-09,0.2793455896484782
STK005,2024-02-16,-0.003994543521607108
STK005,2024-02-23,0.3426042910698675
STK005,2024-03-01,0.8011894963179811
STK005,2024-03-08,0.642722666198462
STK005,2024-03-15,0.6999170898782292
STK005,2024-03-22,0.7756724062737401
STK005,2024-03-29,0.7378884782333988
STK005,2024-04-05,0.2782994345872958
STK005,2024-04-12,0.20207576092094437
STK006,2023-11-10,-0.15591956449514133
STK006,2023-11-17,-0.1632712424761225
STK006,2023-11-24,-0.2329905642630179
STK006,2023-12-01,0.06840811717028303
STK006,2023-12-08,-0.05077280180405935
STK006,2023-12-15,-0.1209339316876929
STK006,2023-12-22,-0.21333570054753187
STK006,2023-12-29,-0.3248945248252572
STK006,2024-01-05,-0.45019970527933234
STK006,2024-01-12,-0.07156291311865082
STK006,2024-01-19,-0.24542872642996483
STK006,2024-01-26,0.11510937663668239
STK006,2024-02-02,-0.14756654396162922
STK006,2024-02-09,-0.1695420446144717
STK006,2024-02-16,-0.16967728030067164
STK006,2024-02-23,-0.24264351862602063
STK006,2024-03-01,0.009898830780359802
STK006,2024-03-08,-0.1245311838640929
STK006,2024-03-15,-0.21863926149118523
STK006,2024-03-22,-0.11155198072513595
STK006,2024-03-29,-0.06146814901530612
STK006,2024-04-05,0.04517691858196943
STK006,2024-04-12,0.13719476873314873
STK007,2023-11-10,0.26067234640831466
STK007,2023-11-17,0.14937974810337767
STK007,2023-11-24,-0.14559458607084785
STK007,2023-12-01,0.046792845114489945
STK007,2023-12-08,0.04276231453563728
STK007,2023-12-15,0.011387302083614215
STK007,2023-12-22,-0.14526374121039703
STK007,2023-12-29,0.08808978316458255
STK007,2024-01-05,-0.21767110377485976
STK007,2024-01-12,-0.38960261850519956
STK007,2024-01-19,-0.18182510554189552
STK007,2024-01-26,-0.3750989395318966
STK007,2024-02-02,-0.4152036600432187
STK007,2024-02-09,0.06295195908486831
STK007,2024-02-16,-0.21318193713287537
STK007,2024-02-23,-0.23389254440200974
STK007,2024-03-01,-0.18545359836162933
STK007,2024-03-08,-0.12950080436927824
STK007,2024-03-15,-0.22113099312245343
STK007,2024-03-22,-0.5340943612476363
STK007,2024-03-29,-0.647799351823253
STK008,2023-11-10,-0.11535090572575174
STK008,2023-11-17,-0.10458292352222504
STK008,2023-11-24,-0.24711631606525486
STK008,2023-12-01,-0.49660284724604414
STK008,2023-12-08,-0.2932846240689157
STK008,2024-01-12,-0.2661640847379557
STK008,2024-01-19,-0.09488596215287592
STK008,2024-01-26,-0.18614225675242912
STK008,2024-02-02,-0.23310214985314942
STK008,2024-02-09,0.13121896004601669
STK008,2024-02-16,0.19482102185487854
STK008,2024-02-23,-0.0711965332509451
STK008,2024-03-01,-0.41698830213155097
STK008,2024-03-08,-0.3708005320104179
STK008,2024-03-15,-0.37183338455757226
STK008,2024-03-22,-0.21951155281413226
STK008,2024-03-29,-0.5169539514919661
STK008,2024-04-05,-0.08738384226959922
STK008,2024-04-12,-0.1815279712569951
STK009,2023-11-10,-0.27345632355556254
STK009,2023-11-17,-0.27408264147497013
STK009,2023-11-24,-0.1236322674093343
STK009,2023-12-01,0.2728508957977539
STK009,2023-12-08,0.09259044573328787
STK009,2023-12-15,0.09519041920328311
STK009,2023-12-22,0.39856575246123727
STK009,2023-12-29,0.4939540280311051
STK009,2024-01-05,0.14910082704947875
STK009,2024-01-12,0.4757192902873105
STK009,2024-01-19,0.45934756889687506
STK009,2024-01-26,0.05046809704785288
STK009,2024-02-02,0.1774990586958251
STK009,2024-02-09,0.1919141517105793
STK009,2024-03-15,-0.17518423912027853
STK009,2024-03-22,0.32191329296680304
STK009,2024-03-29,0.35839596622230535
STK009,2024-04-05,0.15075325403964934
STK009,2024-04-12,0.009314289188742914
STK010,2023-11-10,-0.6366371357982188
STK010,2023-11-17,-0.5907953672238646
STK010,2023-11-24,-0.4182441740145109
STK010,2023-12-01,-0.46748008676742675
STK010,2023-12-08,-0.5332594580958019
STK010,2023-12-15,-0.6577857079811613
STK010,2023-12-22,-0.5679491970868762
STK010,2023-12-29,-0.7558159500539934
STK010,2024-01-05,-0.6056491402540105
STK010,2024-01-12,-0.38083577085736436
STK010,2024-01-19,-0.20787582822124429
STK010,2024-01-26,-0.05590129819179762
STK010,2024-02-02,-0.0021326511284500693
STK010,2024-02-09,-0.0761102144080722
STK010,2024-02-16,0.046614062895266706
STK010,2024-02-23,-0.07703338019004147
STK010,2024-03-01,0.023052812681640306
STK010,2024-03-08,-0.2710337426017739
STK010,2024-03-15,-0.2353137387244913
STK010,2024-03-22,0.07558783399959615
STK010,2024-03-29,-0.00334376492192362
STK010,2024-04-05,-0.04930318083006252
STK010,2024-04-12,0.03700332749311053
STK011,2023-11-10,0.34254759872142493
STK011,2023-11-17,0.35626519461845296
STK011,2023-12-22,0.11267208848946067
STK011,2023-12-29,0.38638546532867857
STK011,2024-01-05,0.2960822207823892
STK011,2024-01-12,0.2546831018484819
STK011,2024-01-19,0.21918528045919253
STK011,2024-01-26,0.36631603878345376
STK011,2024-02-02,-0.23209490977058495
STK011,2024-02-09,-0.04947401820899289
STK011,2024-02-16,0.2729881864143359
STK011,2024-02-23,0.3239169538816349
STK011,2024-03-01,-0.05912476396150079
STK011,2024-03-08,0.18413740300595963
STK011,2024-03-15,0.0016133852266386195
STK011,2024-03-22,0.025284611681288344
STK011,2024-03-29,-0.0348774046041152
STK011,2024-04-05,0.07239992786168814
STK011,2024-04-12,0.23487352239347548
STK012,2023-11-10,-0.4394758638898078
STK012,2023-11-17,-0.6294236719991271
STK012,2023-11-24,-0.6860041952320797
STK012,2023-12-01,-0.5633121144164039
STK012,2023-12-08,-0.28589720602381646
STK012,2023-12-15,-0.3549599756243785
STK012,2023-12-22,-0.34552622855772713
STK012,2023-12-29,-0.36202050468811103
STK012,2024-01-05,-0.21569306496753388
STK012,2024-01-12,-0.28946667705778445
STK012,2024-01-19,-0.17348815442823856
STK012,2024-01-26,-0.20722492863563857
STK012,2024-02-02,-0.2479856937461664
STK012,2024-02-09,-0.41155819862290194
STK012,2024-02-16,-0.5076577264627231
STK012,2024-02-23,-0.7830973566373463
STK012,2024-03-01,-0.9035024683694415
STK012,2024-03-08,-0.4506487958711008
STK012,2024-03-15,-0.7152983566653501
STK013,2023-11-10,0.02218641598410831
STK013,2023-11-17,-0.04225191853850219
STK013,2023-11-24,-0.10979960827967267
STK013,2023-12-01,-0.09986522561522726
STK013,2023-12-08,0.07219007292723778
STK013,2023-12-15,-0.058083639938202536
STK013,2023-12-22,0.1943764608404773
STK013,2023-12-29,0.12259119262523376
STK013,2024-01-05,0.23327638164967632
STK013,2024-01-12,0.47187770515067035
STK013,2024-01-19,0.26479268037071696
STK013,2024-01-26,0.6010696386793057
STK013,2024-02-02,0.3220492414423306
STK013,2024-02-09,0.31509531067484664
STK013,2024-02-16,-0.3383052739722258
STK013,2024-02-23,-0.26441927930171727
STK013,2024-03-01,-0.04313744549682641
STK013,2024-03-08,-0.21754152924458264
STK013,2024-03-15,-0.2807751337146929
STK013,2024-03-22,-0.1525184214944128
STK013,2024-03-29,-0.11460169338968262
STK013,2024-04-05,-0.25484785692785966
STK013,2024-04-12,-0.2357668751489127
STK014,2023-12-08,0.49624609688998417
STK014,2023-12-15,0.6367392690534193
STK014,2023-12-22,0.4041532276754524
STK014,2023-12-29,0.36591716168273686
STK014,2024-01-05,0.21125388818341823
STK014,2024-01-12,0.1438714575205173
STK014,2024-01-19,0.16303278872456234
STK014,2024-01-26,0.208863718211618
STK014,2024-02-02,0.3124713599588198
STK014,2024-02-09,0.020581411098602426
STK014,2024-02-16,0.04718268068352657
STK014,2024-02-23,0.12512435691677146
STK014,2024-03-29,0.2991812194158924
STK014,2024-04-05,0.2826052969786353
STK014,2024-04-12,0.16389311539455165
STK015,2023-11-10,-0.021417412715662665
STK015,2023-11-17,-0.3502034941370818
STK015,2023-11-24,-0.3975309093412304
STK015,2023-12-01,-0.35663696548888063
STK015,2023-12-08,-0.32885940162206856
STK015,2023-12-15,-0.231817007980135
STK015,2023-12-22,-0.10545389364319224
STK015,2023-12-29,-0.057673816367217245
STK015,2024-01-05,0.22682009963639485
STK015,2024-01-12,0.2698960678521336
STK015,2024-01-19,0.32818943536524603
STK015,2024-01-26,0.1627519091187643
STK015,2024-02-02,0.09612021076878122
STK015,2024-02-09,-0.009789579609538829
STK015,2024-02-16,-0.26587933835228494
STK015,2024-02-23,-0.2118281913698737
STK015,2024-03-01,-0.18260175171011805
STK015,2024-03-08,-0.3210939546683614
STK015,2024-03-15,-0.11529109817350669
STK015,2024-03-22,-0.2217011126490691
STK015,2024-03-29,-0.3076421547641957
STK015,2024-04-05,-0.5395322994460519
STK015,2024-04-12,-0.5860724694430213
STK016,2023-11-10,-0.5768541919700074
STK016,2023-11-17,-0.3819673143328591
STK016,2023-11-24,-0.45036003726305945
STK016,2023-12-01,-0.5029291865371215
STK016,2023-12-08,-0.1438363822505176
STK016,2023-12-15,-0.22032237070088062
STK016,2023-12-22,-0.3296844271381156
STK016,2023-12-29,-0.24071938140716592
STK016,2024-01-05,-0.8200385561224344
STK016,2024-01-12,-0.38115534864987716
STK016,2024-01-19,-0.3253278843747131
STK016,2024-01-26,-0.38739237217425243
STK016,2024-02-02,-0.14150255959360247
STK016,2024-02-09,-0.11921181714618784
STK016,2024-02-16,-0.033353596686517994
STK016,2024-02-23,-0.3169321008769012
STK016,2024-03-01,-0.16772275845739026
STK016,2024-03-08,-0.43124041454835865
STK016,2024-03-15,-0.5314920153163325
STK016,2024-03-22,-0.584281587771345
STK016,2024-03-29,-0.417853997653776
STK016,2024-04-05,-0.34849974887298224
STK016,2024-04-12,-0.40121931099377967
STK017,2023-11-10,-0.004013293477569624
STK017,2023-11-17,-0.1518667704937251
STK017,2023-11-24,-0.036861683889501784
STK017,2023-12-01,0.0836818432751337
STK017,2023-12-08,0.05138171092378141
STK017,2023-12-15,0.16938305679292265
STK017,2023-12-22,0.062078532694579774
STK017,2023-12-29,0.04247169668719766
STK017,2024-01-05,0.20696062075029087
STK017,2024-01-12,0.22173580223103484
STK017,2024-01-19,0.35457604669795495
STK017,2024-01-26,0.19962163075289902
STK017,2024-02-02,-0.13418113696922518
STK017,2024-02-09,-0.16818449506358213
STK017,2024-02-16,-0.357189535842611
STK017,2024-02-23,-0.018634731778839342
STK017,2024-03-01,-0.012330220585573926
STK017,2024-03-08,0.01337329454573749
STK017,2024-03-15,0.2925948834621533
STK017,2024-03-22,0.18094507051181197
STK017,2024-03-29,-0.0049548683618696465
STK017,2024-04-05,0.05156204139387188
STK017,2024-04-12,0.05004111359836011
STK018,2023-11-17,0.2629261313811222
STK018,2023-11-24,0.19561200543358193
STK018,2023-12-01,0.23468559394151467
STK018,2023-12-08,0.31763959624044236
STK018,2023-12-15,0.1815312316163304
STK018,2023-12-22,0.2751639541021484
STK018,2023-12-29,0.23064804592289528
STK018,2024-01-05,0.322457745369986
STK018,2024-01-12,0.09490313517021032
STK018,2024-01-19,-0.09448394841526536
STK018,2024-01-26,0.032769713487852126
STK018,2024-02-02,0.06353157605671805
STK018,2024-02-09,-0.050040250955288024
STK018,2024-02-16,0.22018695116335202
STK018,2024-02-23,0.31879101231110035
STK018,2024-03-01,0.2445587225951932
STK018,2024-03-08,0.17648206182705647
STK018,2024-03-15,0.5983891057272539
STK018,2024-03-22,0.19654353641562522
STK018,2024-03-29,-0.017953700423597563
STK018,2024-04-05,0.2784555973962267
STK018,2024-04-12,0.24153849371091188
STK019,2023-11-10,-0.1071152866098114
STK019,2023-11-17,0.09268865796090489
STK019,2023-11-24,0.4279490498339453
STK019,2024-01-12,0.5903377914472008
STK019,2024-01-19,0.3731440132640538
STK019,2024-01-26,0.4539228596797999
STK019,2024-02-02,0.2839427865079552
STK019,2024-02-09,0.17542626530546168
STK019,2024-02-16,-0.0567698767706607
STK019,2024-02-23,-0.129172472295025
STK019,2024-03-01,-0.37007299613555794
STK019,2024-03-08,-0.148499830976064
STK019,2024-03-15,0.030171850561797525
STK019,2024-03-22,0.03697518314063866
STK019,2024-03-29,-0.20852306327979564
STK019,2024-04-05,0.008924983788630408
STK019,2024-04-12,-0.15692890114392521
STK020,2023-11-10,0.17959412995453045
STK020,2023-11-17,0.055238933322487
STK020,2023-11-24,0.02762831597892587
STK020,2023-12-01,-0.22662585436135774
STK020,2023-12-08,-0.10225551602986138
STK020,2023-12-15,-0.022273841335140376
STK020,2023-12-22,-0.3035395073811688
STK020,2023-12-29,-0.024223113648458583
STK020,2024-01-05,-0.3056735221606746
STK020,2024-01-12,-0.2957898611695265
STK020,2024-01-19,-0.027157928223995653
STK020,2024-01-26,0.062331734488809576
STK020,2024-02-02,-0.17350295058216014
STK020,2024-02-09,-0.2410749327624529
STK020,2024-02-16,0.047941807947944004
STK020,2024-02-23,-0.07886740409054793
STK020,2024-03-01,-0.050390770889560565
STK020,2024-03-08,0.16014493006637864
STK020,2024-03-15,-0.1444633712102797
STK020,2024-03-22,-0.20097799905089353
STK020,2024-03-29,-0.10276767123992891
STK020,2024-04-05,-0.3439420244113807
STK020,2024-04-12,-0.46547299973698214
STK021,2023-11-10,-0.5257517064258113
STK021,2023-11-17,-0.15142779712549953
STK021,2023-11-24,0.06626313473861581
STK021,2023-12-01,0.17499078826929088
STK021,2023-12-08,-0.0285694573033084
STK021,2023-12-15,0.22194398801391899
STK021,2023-12-22,0.081159531033241
STK021,2023-12-29,0.07110251653097929
STK021,2024-01-05,-0.15739755472085304
STK021,2024-01-12,0.11422776120913189
STK021,2024-01-19,0.08677813644381693
STK021,2024-01-26,0.1932306313792993
STK021,2024-02-02,0.23645878727373273
STK021,2024-02-09,0.096692355283783
STK021,2024-02-16,0.16641056527633102
STK021,2024-03-22,0.1608731362706439
STK021,2024-03-29,-0.07946568581313085
STK021,2024-04-05,-0.05165883530493964
STK021,2024-04-12,0.032421304657668376
STK022,2023-11-10,-0.04988650598906935
STK022,2023-11-17,-0.05205927487248502
STK022,2023-11-24,0.19023036549277073
STK022,2023-12-01,0.2055043973344578
STK022,2023-12-08,0.3420605426715502
STK022,2023-12-15,0.47398401588671407
STK022,2023-12-22,0.1979564287899938
STK022,2023-12-29,0.18918815477671225
STK022,2024-02-02,0.049264791623021775
STK022,2024-02-09,0.0798111547840851
STK022,2024-02-16,-0.058801022584884066
STK022,2024-02-23,0.4634456162434375
STK022,2024-03-01,0.7755520281417643
STK022,2024-03-08,0.6403816485963649
STK022,2024-03-15,0.770167202700252
STK022,2024-03-22,0.6077919000099834
STK022,2024-03-29,0.5799359819168549
STK022,2024-04-05,0.4900566096999719
STK022,2024-04-12,0.30156506347828127
STK023,2023-11-17,-0.11218411611428158
STK023,2023-11-24,-0.09751480792629247
STK023,2023-12-01,-0.03901666262605252
STK023,2023-12-08,0.07643491881928066
STK023,2023-12-15,-0.06596924113269781
STK023,2023-12-22,0.1874617064050582
STK023,2023-12-29,0.2696488598337467
STK023,2024-01-05,0.5231975726643437
STK023,2024-01-12,0.46432051971611976
STK023,2024-01-19,0.5072528431502813
STK023,2024-01-26,0.40040379031925616
STK023,2024-02-02,0.5463108360202392
STK023,2024-02-09,0.17070681692783954
STK023,2024-02-16,0.021840888863452562
STK023,2024-02-23,0.1039364404544815
STK023,2024-03-01,0.20121868834395407
STK023,2024-03-08,0.1368213893074991
STK023,2024-03-15,0.3988306349538455
STK023,2024-03-22,0.11813314638463174
STK023,2024-03-29,0.1209608429406207
STK023,2024-04-05,0.6266149285743507
STK023,2024-04-12,0.6666336921569139
STK024,2023-11-10,-0.15538587013369987
STK024,2023-11-17,-0.17866367470913214
STK024,2023-11-24,-0.30201201848837517
STK024,2023-12-01,-0.14394119651704979
STK024,2023-12-08,-0.2399817372924949
STK024,2023-12-15,-0.31374373446965803
STK024,2023-12-22,-0.11153272372343248
STK024,2023-12-29,-0.26820103023594705
STK024,2024-01-05,-0.21189988450702651
STK024,2024-01-12,-0.031258182058146344
STK024,2024-01-19,-0.086918391156588
STK024,2024-01-26,-0.1391388155298271
STK024,2024-02-02,-0.2462921164883804
STK024,2024-02-09,-0.08772503393254827
STK024,2024-02-16,0.23680066794180077
STK024,2024-02-23,-0.04772217237604526
STK024,2024-03-01,-0.09076707078126556
STK024,2024-03-08,0.10697925061400243
STK024,2024-03-15,-0.15976381329701644
STK024,2024-03-22,0.1999669692881871
STK024,2024-03-29,0.09118761005817033
STK024,2024-04-05,-0.1787564317160959
STK024,2024-04-12,0.03479809419601734
STK025,2023-12-08,0.3217725883032687
STK025,2023-12-15,-0.04971289422171665
STK025,2023-12-22,0.2083073428860401
STK025,2023-12-29,0.2157357348898956
STK025,2024-01-05,0.010300817614789737
STK025,2024-01-12,-0.011852804250490317
STK025,2024-01-19,0.14576233311067638
STK025,2024-01-26,0.23784057334619849
STK025,2024-02-02,0.04847035972693564
STK025,2024-02-09,-0.11906629754599363
STK025,2024-02-16,0.14084255930945788
STK025,2024-02-23,0.25430076126240064
STK025,2024-03-01,0.030063203777587755
STK025,2024-03-08,0.19681406927466386
STK025,2024-03-15,0.33942163490487653
STK026,2023-11-10,-0.05398151780617372
STK026,2023-11-17,0.24184931065704712
STK026,2023-11-24,-0.0764536091570373
STK026,2023-12-01,0.20783631386160084
STK026,2023-12-08,0.09214138562202986
STK026,2023-12-15,0.03730347436638673
STK026,2023-12-22,0.08517675168123456
STK026,2023-12-29,-0.12571770049122816
STK026,2024-01-05,-0.2737635938826026
STK026,2024-01-12,-0.028535921694835376
STK026,2024-01-19,-0.16796768262763517
STK026,2024-01-26,-0.41738215793957306
STK026,2024-02-02,-0.2804368245183118
STK026,2024-02-09,-0.11174987154356986
STK026,2024-02-16,0.003186583585639363
STK026,2024-02-23,-0.09851127594489761
STK026,2024-03-01,0.2467966047862488
STK026,2024-03-08,0.14629489971538895
STK026,2024-03-15,0.23250221270264032
STK026,2024-03-22,-0.05336604208942347
STK026,2024-03-29,-0.10200088674321267
STK026,2024-04-05,-0.24063518256502742
STK026,2024-04-12,-0.5327011240894652
STK027,2023-11-10,0.031676748969928975
STK027,2023-11-17,0.04896031139648252
STK027,2023-11-24,-0.0714338649381771
STK027,2023-12-01,0.1354486311341269
STK027,2023-12-08,0.04990501032420641
STK027,2023-12-15,0.08705867587308022
STK027,2023-12-22,-0.08760900149370121
STK027,2023-12-29,-0.16818092802216228
STK027,2024-01-05,0.029931298457038236
STK027,2024-01-12,-0.11620110131273659
STK027,2024-01-19,-0.09185020498885538
STK027,2024-01-26,-0.15360753795493132
STK027,2024-02-02,-0.06858991635664441
STK027,2024-02-09,0.3153629581919841
STK027,2024-02-16,0.3650723924414879
STK027,2024-02-23,0.2330267205588271
STK027,2024-03-01,0.2467901231620736
STK027,2024-03-08,0.15969927237200177
STK027,2024-03-15,0.1495113989101359
STK027,2024-03-22,0.19446944638382746
STK027,2024-03-29,0.09598969783316352
STK027,2024-04-05,0.03166959566238359
STK027,2024-04-12,0.16479235942299444
STK028,2023-11-10,0.02373206960496041
STK028,2023-11-17,-0.04446426737554904
STK028,2023-11-24,-0.17338150020950854
STK028,2023-12-01,0.021145656181438988
STK028,2023-12-08,0.08950434864076984
STK028,2023-12-15,0.03892500738980639
STK028,2023-12-22,0.1578808789073351
STK028,2023-12-29,-0.11559370748248049
STK028,2024-01-05,-0.14348520506530582
STK028,2024-01-12,-0.005224556022768445
STK028,2024-01-19,-0.19941711364368997
STK028,2024-01-26,0.04927842997850429
STK028,2024-03-01,-0.1784580480954951
STK028,2024-03-08,-0.21407396058001082
STK028,2024-03-15,-0.41364837468839094
STK028,2024-03-22,-0.3998184731075391
STK028,2024-03-29,-0.37412120222775375
STK028,2024-04-05,-0.43294949594401405
STK028,2024-04-12,-0.3665671601438099
STK029,2023-11-10,0.26148027807444996
STK029,2023-11-17,0.09707587328819475
STK029,2023-11-24,-0.046666171676598034
STK029,2023-12-01,0.021058122592843398
STK029,2023-12-08,0.32312620042970525
STK029,2023-12-15,0.2266501984701074
STK029,2023-12-22,0.20694275983383933
STK029,2023-12-29,0.304852053745813
STK029,2024-01-05,0.418161321420155
STK029,2024-01-12,0.5128407800368892
STK029,2024-01-19,0.7380409159600876
STK029,2024-01-26,0.9192190578464139
STK029,2024-02-02,0.8578288890980652
STK029,2024-02-09,0.8650026997797007
STK029,2024-02-16,0.5074272937426013
STK029,2024-02-23,0.497767920443171
STK029,2024-03-01,0.567099457215003
STK029,2024-03-08,0.30870877919213535
STK029,2024-03-15,0.32572111473066123
STK029,2024-03-22,0.35581845241100296
STK029,2024-03-29,0.13357654205543656
STK029,2024-04-05,0.062666793355586
STK029,2024-04-12,0.14585733218501923
STK030,2023-11-10,0.07231031757484693
STK030,2023-11-17,-0.0733687631650477
STK030,2023-11-24,0.3369751747893029
STK030,2023-12-01,0.23212984617107293
STK030,2023-12-08,0.4036290510899919
STK030,2023-12-15,0.33345509999358824
STK030,2023-12-22,0.3290448412901321
STK030,2023-12-29,0.08189490761598811
STK030,2024-01-05,0.017119321863707876
STK030,2024-01-12,0.13144029891970976
STK030,2024-01-19,0.2107547928860169
STK030,2024-01-26,-0.10851569303404418
STK030,2024-02-02,-0.2904726654280318
STK030,2024-02-09,-0.3091414195153633
STK030,2024-02-16,-0.15809169040614418
STK030,2024-02-23,0.15190928129632086
STK030,2024-03-29,0.18749516430776653
STK030,2024-04-05,-0.003699768294608191
STK030,2024-04-12,-0.03702785000380915
STK031,2023-11-10,0.3396225579466059
STK031,2023-11-17,0.4614569065226536
STK031,2023-11-24,0.45493142065868586
STK031,2023-12-01,0.35481711943641037
STK031,2023-12-08,0.6229781762430555
STK031,2023-12-15,0.5874860617066506
STK031,2023-12-22,0.19302075792092963
STK031,2023-12-29,0.37266787083963515
STK031,2024-01-05,0.1993424439337031
STK031,2024-01-12,-0.09785650329445456
STK031,2024-01-19,0.3845055967921037
STK031,2024-01-26,0.37740265749340207
STK031,2024-02-02,0.31302010895128024
STK031,2024-02-09,0.2734151606865588
STK031,2024-02-16,0.5096796764893639
STK031,2024-02-23,0.5507806647183184
STK031,2024-03-01,0.48179840987607275
STK031,2024-03-08,0.5356745553421576
STK031,2024-03-15,0.4189139198868636
STK031,2024-03-22,0.39776566534125635
STK031,2024-03-29,-0.009489909707536215
STK031,2024-04-05,0.09127547539879449
STK031,2024-04-12,-0.045337970461553356
STK032,2023-11-10,0.21642786126759728
STK032,2023-11-17,0.012061264534298427
STK032,2023-11-24,0.037347995029226116
STK032,2023-12-01,0.19712279471323257
STK032,2023-12-08,0.10506153337604984
STK032,2023-12-15,-0.06738101732616858
STK032,2023-12-22,0.022266126990426377
STK032,2023-12-29,-0.02266544876792509
STK032,2024-02-02,0.19959775671955288
STK032,2024-02-09,0.18198694630703488
STK032,2024-02-16,-0.058615337849101445
STK032,2024-02-23,-0.00803610383465947
STK032,2024-03-01,0.23523001181529934
STK032,2024-03-08,0.3472197130983704
STK032,2024-03-15,0.4172432881595798
STK032,2024-03-22,0.053064510691859385
STK032,2024-03-29,-0.036260261040736985
STK032,2024-04-05,-0.05801605322672437
STK032,2024-04-12,-0.05991667074947177
STK033,2023-11-10,-0.14665266569172897
STK033,2023-11-17,0.01929794616057212
STK033,2023-11-24,-0.2619560399905066
STK033,2023-12-01,-0.4401015541660675
STK033,2023-12-08,-0.36389058781442546
STK033,2023-12-15,-0.06942862893273932
STK033,2023-12-22,-0.02657467005660391
STK033,2023-12-29,-0.16999654174465317
STK033,2024-01-05,-0.059508006560740956
STK033,2024-01-12,0.06966216509834336
STK033,2024-01-19,0.052518732315701866
STK033,2024-01-26,0.132302258279105
STK033,2024-02-02,-0.0043449584025168075
STK033,2024-02-09,-0.21599744182477648
STK033,2024-02-16,-0.1995169080744898
STK033,2024-02-23,0.052176306015894486
STK033,2024-03-01,0.126009091558892
STK033,2024-03-08,-0.010513318048811893
STK033,2024-03-15,0.012239309990359964
STK033,2024-03-22,-0.04985574798366643
STK033,2024-03-29,-0.20893115397174766
STK033,2024-04-05,-0.14841909581823665
STK033,2024-04-12,0.17073680068426483
STK034,2023-11-10,-0.18982351625520877
STK034,2023-11-17,-0.25583541427359197
STK034,2023-11-24,-0.24538071630406844
STK034,2023-12-01,-0.3549492067245434
STK034,2023-12-08,-0.1063594944866923
STK034,2023-12-15,0.0479177796961586
STK034,2023-12-22,0.07990256666082265
STK034,2023-12-29,-0.057808059058031824
STK034,2024-01-05,-0.032816938320941236
STK034,2024-01-12,0.15495089725645378
STK034,2024-01-19,-0.14623659847394466
STK034,2024-01-26,-0.13285543852904202
STK034,2024-02-02,-0.06421068850612671
STK034,2024-02-09,0.12833487845459746
STK034,2024-02-16,0.05636716110017731
STK034,2024-02-23,-0.09057879250390904
STK034,2024-03-01,0.24071362177915578
STK034,2024-03-08,0.3383427424554486
STK034,2024-03-15,0.194779786945289
STK034,2024-03-22,0.39817391351708387
STK034,2024-03-29,0.428039277081129
STK034,2024-04-05,0.28329966902778386
STK034,2024-04-12,0.09805368238351506
STK035,2023-11-10,-0.5695292442028166
STK035,2023-11-17,-0.6502787999167183
STK035,2023-11-24,-0.6261418732968096
STK035,2023-12-01,-0.41628915840263764
STK035,2023-12-08,-0.3347943197537177
STK035,2023-12-29,-0.28924715284837416
STK035,2024-02-02,-0.21253824192117232
STK035,2024-02-09,-0.12152109316329796
STK035,2024-02-16,-0.2319541834557466
STK035,2024-02-23,-0.6346301286012583
STK035,2024-03-01,-0.4079897455078724
STK035,2024-03-08,-0.6645902686258245
STK035,2024-03-15,-0.6233403534143451
STK035,2024-03-22,-0.2236025466282225
STK035,2024-03-29,-0.1369951854259106
STK036,2023-11-10,0.3279641519886903
STK036,2023-11-17,-0.05790755397953934
STK036,2023-11-24,0.10906182996969477
STK036,2023-12-01,0.18244366432291131
STK036,2023-12-08,0.2584873552845452
STK036,2023-12-15,0.26162070912459806
STK036,2023-12-22,0.4163063231933347
STK036,2023-12-29,0.4250602956270173
STK036,2024-01-05,0.40618312629893494
STK036,2024-01-12,0.29897262584249573
STK036,2024-01-19,0.4508229003665524
STK036,2024-01-26,0.06819896942616446
STK036,2024-02-02,0.014455417384781732
STK036,2024-02-09,0.2684231728441555
STK036,2024-02-16,0.18550204912904494
STK036,2024-02-23,0.34978455061942687
STK036,2024-03-01,0.1669190872713988
STK036,2024-03-08,0.15197910307234336
STK036,2024-03-15,-0.025636991856276048
STK036,2024-03-22,-0.05172655309575469
STK036,2024-03-29,0.08569766561117556
STK036,2024-04-05,0.03996305070062778
STK037,2023-11-10,-0.39803721143026877
STK037,2023-11-17,-0.3816586792111584
STK037,2023-11-24,-0.16023090751066665
STK037,2023-12-01,-0.19642654685001626
STK037,2023-12-08,0.10230916506586415
STK037,2023-12-15,-0.24232394137247787
STK037,2023-12-22,-0.3506621377109313
STK037,2024-01-26,0.11872815323700295
STK037,2024-02-02,0.1271652963527231
STK037,2024-02-09,0.34805764008805884
STK037,2024-02-16,-0.08848224990066406
STK037,2024-02-23,0.026680165638118675
STK037,2024-03-01,0.3162433151209639
STK037,2024-03-08,-0.03419752978362767
STK037,2024-03-15,0.12201717888368566
STK037,2024-03-22,0.11871231477498458
STK037,2024-03-29,0.1270538699642949
STK037,2024-04-05,-0.024316889566723232
STK037,2024-04-12,-0.03172050791755726
STK038,2023-11-10,-0.35823317016910566
STK038,2023-11-17,-0.2465099213768111
STK038,2023-11-24,-0.2860002875849074
STK038,2023-12-01,-0.168397485841437
STK038,2023-12-08,-0.08099030773602223
STK038,2023-12-15,-0.13729775283640627
STK038,2023-12-22,-0.2847960096269923
STK038,2023-12-29,0.09137190095099909
STK038,2024-01-05,-0.23104657976762805
STK038,2024-01-12,-0.4410187157200905
STK038,2024-01-19,-0.1452652224191182
STK038,2024-01-26,-0.13062947827066212
STK038,2024-03-01,-0.6775387212024604
STK038,2024-03-08,-0.47134979109566205
STK038,2024-03-15,0.21738970995866816
STK038,2024-03-22,-0.12660241369965075
STK038,2024-03-29,-0.17657462633039706
STK038,2024-04-05,-0.019760565397588303
STK038,2024-04-12,-0.041688356153701145
STK039,2023-11-10,-0.3895002187438689
STK039,2023-11-17,-0.3557484221428981
STK039,2023-11-24,-0.08301159914650413
STK039,2023-12-01,-0.06511252226009895
STK039,2023-12-08,0.13066034229806492
STK039,2023-12-15,0.012246928635017473
STK039,2023-12-22,0.14072041635629046
STK039,2023-12-29,0.045418395933216976
STK039,2024-01-05,0.19641503611158878
STK039,2024-01-12,0.17328314904365377
STK039,2024-01-19,0.10115984083727661
STK039,2024-01-26,-0.04697773616407935
STK039,2024-02-02,0.12168483721338497
STK039,2024-02-09,0.11294511456763284
STK039,2024-02-16,0.051777720048654746
STK039,2024-02-23,-0.06597972959160348
STK039,2024-03-01,-0.1241369020661337
STK039,2024-03-08,-0.44935790046493057
STK039,2024-03-15,-0.40468796164958226
STK039,2024-03-22,-0.5254997589595822
STK039,2024-03-29,-0.5623836057236475
STK039,2024-04-05,-0.4432846864630145
STK039,2024-04-12,-0.39390953641808385
STK040,2023-11-17,-0.2619852746762129
STK040,2023-11-24,-0.09619265095971091
STK040,2023-12-01,-0.01004762778378157
STK040,2023-12-08,-0.2123251863943958
STK040,2023-12-15,-0.16090617286102943
STK040,2023-12-22,-0.14898550054080023
STK040,2024-01-26,-0.2852336936766426
STK040,2024-02-02,-0.5047390824842073
STK040,2024-02-09,-0.6066507505271743
STK040,2024-02-16,-0.54823632864867
STK040,2024-02-23,-0.4100836388512841
STK040,2024-03-01,-0.5591809843560647
STK040,2024-03-08,-0.3409906912040946
STK040,2024-04-12,-0.09139919162577487
STK041,2023-11-10,-0.06744720584667785
STK041,2023-11-17,-0.3450753767769556
STK041,2023-11-24,-0.08954494966784293
STK041,2023-12-01,0.18780463362520583
STK041,2023-12-08,0.13137099490219015
STK041,2023-12-15,0.2882532754178796
STK041,2023-12-22,-0.07692956379392202
STK041,2023-12-29,0.05170523825296519
STK041,2024-01-05,0.12324881008141822
STK041,2024-01-12,0.02978762563213802
STK041,2024-01-19,0.09917854246737723
STK041,2024-01-26,0.35220514618807236
STK041,2024-02-02,0.6190677644024565
STK041,2024-02-09,0.33147755364811105
STK041,2024-02-16,0.3802996953189708
STK041,2024-02-23,0.24010313117213825
STK041,2024-03-01,0.4487375801617789
STK041,2024-03-08,0.18652761125026318
STK041,2024-03-15,0.015629796969935605
STK041,2024-03-22,0.03918933038637559
STK041,2024-03-29,-0.09277414541483381
STK041,2024-04-05,-0.26582507977898334
STK041,2024-04-12,-0.04948308873993279
STK042,2023-11-10,0.03569324339938712
STK042,2023-11-17,0.09123386066932165
STK042,2023-11-24,0.02897234519615205
STK042,2023-12-01,0.010662638450549822
STK042,2023-12-08,0.11749997818402658
STK042,2023-12-15,-0.03006444176238182
STK042,2023-12-22,-0.19870130494175353
STK042,2023-12-29,-0.025643969108862852
STK042,2024-01-05,-0.10060631523472086
STK042,2024-01-12,0.25939305254801076
STK042,2024-01-19,0.07741758412837205
STK042,2024-01-26,-0.09301511891102276
STK042,2024-02-02,0.011261016942836682
STK042,2024-02-09,-0.09995605542206298
STK042,2024-02-16,-0.04045120214085701
STK042,2024-02-23,-0.11374351387863935
STK042,2024-03-01,-0.19436798735912675
STK042,2024-03-08,-0.3808246592407896
STK042,2024-03-15,-0.2916208144427887
STK042,2024-03-22,-0.30755728571096747
STK042,2024-03-29,0.08410110246296554
STK042,2024-04-05,-0.12104286325836044
STK042,2024-04-12,-0.01336593246365067
STK043,2023-11-10,0.16917698082483112
STK043,2023-11-17,-0.002825179132095207
STK043,2023-11-24,-0.08109540116148506
STK043,2023-12-29,0.08219859052791445
STK043,2024-01-05,-0.007473279165180979
STK043,2024-01-12,0.2674770242113059
STK043,2024-01-19,0.4399661233757085
STK043,2024-01-26,-0.18515153784709776
STK043,2024-02-02,-0.31504787773857484
STK043,2024-02-09,-0.297555646895386
STK043,2024-02-16,-0.03239045949752484
STK043,2024-02-23,-0.22754988303422613
STK043,2024-03-01,-0.14807650535866623
STK043,2024-03-08,-0.004518542464793385
STK043,2024-03-15,-0.04721326139213072
STK043,2024-03-22,-0.32474718543874287
STK043,2024-03-29,-0.20407437528321332
STK043,2024-04-05,-0.31407806709253877
STK043,2024-04-12,-0.24598588831489865
STK044,2023-11-10,0.25738590061868133
STK044,2023-11-17,0.28859469231003254
STK044,2023-11-24,0.12143958421876981
STK044,2023-12-01,0.17852164326132267
STK044,2023-12-08,0.14682332791942934
STK044,2023-12-15,0.3972556731881267
STK044,2023-12-22,0.5060975923266041
STK044,2023-12-29,0.18042630365995269
STK044,2024-01-05,0.1634030626293714
STK044,2024-01-12,0.2053698043329748
STK044,2024-01-19,0.20695604854595384
STK044,2024-01-26,-0.0031505761622226125
STK044,2024-02-02,-0.008941087552733484
STK044,2024-02-09,-0.012881484003666344
STK044,2024-02-16,0.228111188987066
STK044,2024-02-23,0.35566505242002694
STK044,2024-03-01,0.37687533548582375
STK044,2024-03-08,0.0009714814813494566
STK044,2024-03-15,-0.04391811348007468
STK044,2024-03-22,0.22753053868527923
STK044,2024-03-29,-0.08752721641694361
STK044,2024-04-05,-0.07769381984648743
STK044,2024-04-12,0.08829428932129013
STK045,2023-11-10,0.34569110766726807
STK045,2023-11-17,0.39323252056898916
STK045,2023-11-24,0.26317270783124275
STK045,2023-12-01,-0.18583373589512453
STK045,2023-12-08,-0.027161008650520124
STK045,2023-12-15,-0.008198342005028142
STK045,2023-12-22,0.06071477790625712
STK045,2023-12-29,0.11535301948437725
STK045,2024-01-05,0.2295986685897324
STK045,2024-01-12,0.2678565055132093
STK045,2024-01-19,0.24284839181256695
STK045,2024-01-26,0.12786910098092394
STK045,2024-02-02,0.33479155276325234
STK045,2024-02-09,0.5449750310620411
STK045,2024-02-16,0.6183000764205278
STK045,2024-02-23,0.7855635420051268
STK045,2024-03-01,0.5910324430773406
STK045,2024-03-08,0.6971628366211299
STK045,2024-03-15,0.5690072582041348
STK045,2024-03-22,0.39862810308201013
STK045,2024-03-29,0.11200322504682064
STK045,2024-04-05,0.1722475585541131
STK045,2024-04-12,0.4412738359825354
STK046,2023-11-10,0.19117486262024347
STK046,2023-11-17,0.11281647370958531
STK046,2023-11-24,0.08931867652625422
STK046,2023-12-01,0.08327509625097909
STK046,2023-12-08,0.14397202378290525
STK046,2023-12-15,-0.24298736499137114
STK046,2023-12-22,-0.11644453227310209
STK046,2023-12-29,-0.018463073759345472
STK046,2024-01-05,0.015950405092334752
STK046,2024-01-12,0.19678965833687267
STK046,2024-01-19,0.047446636750946014
STK046,2024-01-26,0.09564519972282365
STK046,2024-02-02,0.17886619090423042
STK046,2024-02-09,0.1990970699346729
STK046,2024-02-16,0.037847617552887236
STK046,2024-02-23,0.1791197271747175
STK046,2024-03-01,-0.007957007895278118
STK046,2024-03-08,0.050049157687933915
STK046,2024-03-15,-0.35890756426253295
STK046,2024-03-22,-0.1059190830891138
STK046,2024-03-29,0.10968960346550634
STK047,2023-11-10,-0.09878878020729659
STK047,2023-11-17,-0.027678179321978802
STK047,2023-11-24,-0.1060697731598158
STK047,2023-12-01,-0.28293499317144927
STK047,2023-12-08,-0.014916722688913087
STK047,2023-12-15,-0.07725061459811589
STK047,2023-12-22,-0.22957130037757245
STK047,2023-12-29,-0.08633370941000801
STK047,2024-01-05,-0.1435411607212954
STK047,2024-01-12,0.12253889461023247
STK047,2024-01-19,0.051682039376461236
STK047,2024-01-26,0.072720343115284
STK047,2024-02-02,-0.11447974078264556
STK047,2024-02-09,-0.18486867740825474
STK047,2024-02-16,-0.07861736483853787
STK047,2024-02-23,-0.35678433474953414
STK047,2024-03-01,0.13478548966740772
STK047,2024-03-08,-0.004369979231346716
STK047,2024-03-15,0.48856162872476433
STK047,2024-03-22,0.38421860502108796
STK047,2024-03-29,0.3830800713789575
STK047,2024-04-05,0.3409475951065884
STK047,2024-04-12,0.2776918104070814
STK048,2023-12-08,0.3531000451297401
STK048,2023-12-15,0.26476624231970514
STK048,2023-12-22,0.15786179603240574
STK048,2023-12-29,0.08036702932484127
STK048,2024-01-05,0.11586099595074549
STK048,2024-01-12,0.09507616749831546
STK048,2024-01-19,-0.23137209732840242
STK048,2024-01-26,-0.1438291338741593
STK048,2024-02-02,-0.15674214003253967
STK048,2024-02-09,0.09788087136485932
STK048,2024-02-16,0.3500197121520993
STK048,2024-02-23,0.396000662174708
STK048,2024-03-01,-0.027275076398335207
STK048,2024-03-08,0.14745666121837603
STK048,2024-03-15,-0.23987946257559684
STK048,2024-03-22,-0.16658476589038157
STK048,2024-03-29,-0.14086792772864454
STK048,2024-04-05,-0.12754814805526588
STK048,2024-04-12,0.2627003178556674
STK049,2023-11-10,-0.33156746431301104
STK049,2023-11-17,-0.10597612308024829
STK049,2023-11-24,0.023512432887916324
STK049,2023-12-01,-0.04557002287216222
STK049,2023-12-08,-0.03481091561876859
STK049,2023-12-15,-0.13414616960967185
STK049,2023-12-22,-0.0493932312960601
STK049,2024-01-26,0.0292759178365527
STK049,2024-02-02,0.043980370534019514
STK049,2024-02-09,-0.03292656307379632
STK049,2024-02-16,0.039473715720536984
STK049,2024-02-23,0.08169271724135466
STK049,2024-03-01,0.040158216267253466
STK049,2024-03-08,0.1273390172623038
STK049,2024-03-15,0.37614485570773076
STK049,2024-03-22,-0.013328440300084565
STK049,2024-03-29,0.08696083325700982
STK049,2024-04-05,-0.08059903572121047
STK049,2024-04-12,-0.13563522422267194
STK050,2023-11-10,0.24336092582695867
STK050,2023-11-17,0.4464811678661338
STK050,2023-11-24,0.2557180980819427
STK050,2023-12-01,0.45020571232227047
STK050,2023-12-08,0.3913631216335056
STK050,2023-12-15,0.3570976097444035
STK050,2023-12-22,0.4541006614322676
STK050,2023-12-29,0.49403781807177755
STK050,2024-01-05,0.40207818434938536
STK050,2024-01-12,0.6017877177436688
STK050,2024-01-19,0.5854887741400696
STK050,2024-01-26,0.49901120523233156
STK050,2024-02-02,0.4742961409806775
STK050,2024-02-09,0.36097273128340013
STK050,2024-02-16,0.15721952997206162
STK050,2024-02-23,0.3050568830926799
STK050,2024-03-01,0.12265185713167215
STK050,2024-03-08,0.34128865539829895
STK050,2024-03-15,0.2763275762145356
STK050,2024-03-22,0.01194978854033682
STK050,2024-03-29,-0.2921613368482107
STK050,2024-04-05,-0.14853111024465082
STK050,2024-04-12,-0.33146642293300327
STK051,2023-11-10,-0.408000571139076
STK051,2023-11-17,-0.2834804432100974
STK051,2023-11-24,-0.16527500778267323
STK051,2023-12-01,-0.2755226537283301
STK051,2023-12-08,0.22608002901302385
STK051,2023-12-15,-0.12409914019531632
STK051,2023-12-22,0.016020779268469093
STK051,2023-12-29,0.3018503296999163
STK051,2024-01-05,0.24773283092414905
STK051,2024-01-12,0.41264465189512123
STK051,2024-01-19,0.4930460915998367
STK051,2024-01-26,0.3461113466394309
STK051,2024-02-02,0.06288647196370839
STK051,2024-02-09,0.32323319469025724
STK051,2024-02-16,0.2928658208586714
STK051,2024-02-23,0.08976328554196977
STK051,2024-03-01,-0.11790143030843542
STK051,2024-03-08,0.015519539342999045
STK051,2024-03-15,0.1438657078139238
STK051,2024-03-22,-0.05749843902312207
STK051,2024-03-29,0.06083226886479032
STK051,2024-04-05,-0.05972114783186927
STK051,2024-04-12,-0.07079293645718338
STK052,2023-11-10,-0.10442822115421446
STK052,2023-11-17,0.006901714533670639
STK052,2023-11-24,-0.009247243322634019
STK052,2023-12-01,0.13297524072987177
STK052,2023-12-08,0.1241896229137078
STK052,2023-12-15,-0.035410003733468365
STK052,2023-12-22,-0.28039944815006596
STK052,2023-12-29,-0.02455705988807655
STK052,2024-01-05,0.0993922228580939
STK052,2024-01-12,0.21028103951551297
STK052,2024-01-19,-0.08746610556839718
STK052,2024-01-26,-0.20394072973462912
STK052,2024-02-02,0.1978912714155019
STK052,2024-02-09,0.26923571665340656
STK052,2024-02-16,0.09635256933706637
STK052,2024-02-23,0.22163972804937182
STK052,2024-03-29,-0.2669478884569471
STK052,2024-04-05,0.044132100015485454
STK052,2024-04-12,-0.41336877721403714
STK053,2023-11-10,0.2032817434201569
STK053,2023-11-17,-0.3040817101140521
STK053,2023-11-24,-0.10877762370988092
STK053,2023-12-01,-0.43564224288403025
STK053,2023-12-08,-0.30548735944422883
STK053,2023-12-15,-0.24396334954658466
STK053,2023-12-22,-0.3477883155406914
STK053,2023-12-29,-0.21406278981559718
STK053,2024-01-05,-0.4726059565439405
STK053,2024-01-12,-0.20019656479500042
STK053,2024-01-19,-0.3886578434405759
STK053,2024-01-26,-0.5192959773387822
STK053,2024-02-02,-0.029050850668200512
STK053,2024-02-09,0.03795160421703417
STK053,2024-02-16,-0.02399046332932986
STK053,2024-02-23,-0.1536299350998171
STK053,2024-03-01,0.0035534497320670877
STK053,2024-03-08,0.08991325484141555
STK053,2024-03-15,0.2621199136869689
STK053,2024-03-22,-0.06971208830606734
STK053,2024-03-29,0.008197655488360045
STK053,2024-04-05,-0.02554313725077184
STK053,2024-04-12,-0.2533116264254615
STK054,2023-11-10,-0.15709276084829898
STK054,2023-11-17,-0.2293033347737921
STK054,2023-11-24,-0.04399496289619714
STK054,2023-12-01,-0.16997474951277575
STK054,2023-12-08,-0.03535773617601251
STK054,2023-12-15,-0.04986697610330565
STK054,2023-12-22,0.011450392814714105
STK054,2023-12-29,-0.07109259871598345
STK054,2024-01-05,-0.05568842547512037
STK054,2024-01-12,0.12878171092286333
STK054,2024-01-19,-0.2870658162717801
STK054,2024-01-26,-0.2793966196216708
STK054,2024-02-02,-0.40898797782943747
STK054,2024-02-09,-0.2597454340568908
STK054,2024-03-29,-0.2078751188377141
STK054,2024-04-05,-0.09947779425499687
STK054,2024-04-12,-0.21831378283013753
STK055,2023-11-10,-0.3569674566349175
STK055,2023-11-17,-0.17619421654658718
STK055,2023-11-24,-0.2434130978523486
STK055,2023-12-01,-0.23097294528523826
STK055,2023-12-08,-0.168016897681599
STK055,2023-12-15,-0.3971460908288627
STK055,2023-12-22,-0.272375104936284
STK055,2023-12-29,-0.04885350403379646
STK055,2024-01-05,-0.2790675875955591
STK055,2024-01-12,-0.15431623884798323
STK055,2024-01-19,-0.35290629423797676
STK055,2024-01-26,0.025413145111932822
STK055,2024-02-02,-0.16607150193101322
STK055,2024-02-09,-0.04594816871479457
STK055,2024-02-16,-0.08849371947387125
STK055,2024-02-23,0.33372774893042806
STK055,2024-03-01,0.26772830097817674
STK055,2024-03-08,0.261863772265958
STK055,2024-03-15,0.42105195352518404
STK055,2024-03-22,0.3470222235247641
STK055,2024-03-29,0.32679375214304485
STK055,2024-04-05,0.43212498002206323
STK055,2024-04-12,0.5833960686242528
STK056,2023-11-10,0.48704530400082513
STK056,2023-11-17,0.5693059600599624
STK056,2023-11-24,0.1631402810983693
STK056,2023-12-01,0.37370043141147213
STK056,2023-12-08,0.5304874180289565
STK056,2023-12-15,0.36385318795541344
STK056,2023-12-22,0.4763615782767332
STK056,2023-12-29,0.28495741877024366
STK056,2024-01-05,0.3407004723799168
STK056,2024-01-12,0.26225665973567885
STK056,2024-01-19,0.04355016098692219
STK056,2024-01-26,0.3842695593761553
STK056,2024-02-02,0.42175575205758453
STK056,2024-02-09,0.4277871251204562
STK056,2024-02-16,0.3402451583308503
STK056,2024-02-23,0.29252884695511516
STK056,2024-03-01,0.3289045705155401
STK056,2024-03-08,0.4838749601796577
STK056,2024-03-15,0.07515519300374593
STK056,2024-03-22,0.14517456521411642
STK056,2024-03-29,0.07290097461534623
STK056,2024-04-05,0.010545231999036148
STK056,2024-04-12,-0.23903631346022208
STK057,2023-11-10,0.07787010641118466
STK057,2023-11-17,0.15975882419699694
STK057,2023-11-24,-0.052967651268974625
STK057,2023-12-01,0.003520624283930851
STK057,2023-12-08,-0.0016873403588507363
STK057,2023-12-15,-0.15168356539496386
STK057,2023-12-22,-0.08264965800407348
STK057,2023-12-29,-0.009469573574735546
STK057,2024-01-05,0.1755211705169939
STK057,2024-01-12,0.43135072212311676
STK057,2024-01-19,0.25081164537260037
STK057,2024-01-26,0.11592361957289572
STK057,2024-02-02,0.2309949264293524
STK057,2024-02-09,-0.04956472698927905
STK057,2024-02-16,-0.10940255887167688
STK057,2024-02-23,0.04448354667482385
STK057,2024-03-01,-0.14517207880635546
STK057,2024-03-08,0.08879938062070611
STK057,2024-03-15,0.20128878068465125
STK057,2024-03-22,0.39087745429150883
STK057,2024-03-29,0.22761476417304471
STK057,2024-04-05,0.3938546293200511
STK057,2024-04-12,0.3372241699848213
STK058,2023-11-10,-0.03949102472748578
STK058,2023-11-17,0.1766666969724371
STK058,2023-11-24,0.12740681820754063
STK058,2023-12-01,0.467304120859221
STK058,2023-12-08,0.4048042405484175
STK058,2023-12-15,-0.11406175525321033
STK058,2023-12-22,-0.007698448512926642
STK058,2023-12-29,-0.3014862162283292
STK058,2024-01-05,-0.3209810256360844
STK058,2024-01-12,-0.1368716273537231
STK058,2024-01-19,0.028837930655581268
STK058,2024-01-26,0.1119888398714949
STK058,2024-02-02,-0.17479154149459025
STK058,2024-02-09,-0.10273993125617686
STK058,2024-02-16,0.053867595955114395
STK058,2024-02-23,-0.22571348026241567
STK058,2024-03-01,-0.35161760453163743
STK058,2024-03-08,-0.12681975311661287
STK058,2024-03-15,-0.013198856640344092
STK058,2024-03-22,-0.3744227499711376
STK058,2024-03-29,-0.09799706370354161
STK058,2024-04-05,-0.09147787017555642
STK058,2024-04-12,0.13278380550054325
STK059,2023-11-24,-0.028336340395084314
STK059,2023-12-01,-0.023485131484458188
STK059,2023-12-08,0.14568006334644928
STK059,2023-12-15,0.326372607188044
STK059,2023-12-22,0.33604695420148173
STK059,2023-12-29,0.49908718405296576
STK059,2024-01-05,0.4741044501199977
STK059,2024-01-12,0.3964246492048967
STK059,2024-02-16,0.313056160442132
STK059,2024-03-22,-0.04985406663069242
STK059,2024-03-29,-0.20904237068780251
STK059,2024-04-05,0.08965005576381743
STK059,2024-04-12,0.29378336218803575
STK060,2023-11-10,0.40476562682964895
STK060,2023-11-17,0.15073663962788633
STK060,2023-11-24,-0.021219093926036547
STK060,2023-12-01,0.1365310880058383
STK060,2023-12-08,0.030137657317793887
STK060,2023-12-15,0.04752323834675262
STK060,2023-12-22,-0.2883991922257278
STK060,2023-12-29,0.010858307702771658
STK060,2024-01-05,0.06722114280290548
STK060,2024-02-09,0.0807778424594876
STK060,2024-02-16,0.19374537581258078
STK060,2024-02-23,0.24644061770946465
STK060,2024-03-29,0.5694150707528485
STK060,2024-04-05,0.41097032831184976
STK060,2024-04-12,0.4496974584788057
STK061,2023-11-10,0.24571680847082805
STK061,2023-11-17,0.12630899618549307
STK061,2023-11-24,-0.07864503043405491
STK061,2023-12-01,-0.3063325089453523
STK061,2023-12-08,-0.1279168204124741
STK061,2023-12-15,-0.2801254445434917
STK061,2023-12-22,-0.23328885958582007
STK061,2023-12-29,-0.014542655849593772
STK061,2024-01-05,0.007251167434842248
STK061,2024-01-12,-0.015736662809482715
STK061,2024-01-19,-0.041748976677244254
STK061,2024-01-26,0.09631244539443343
STK061,2024-02-02,-0.10487280194895848
STK061,2024-02-09,-0.15689805923591715
STK061,2024-02-16,-0.07493216976092315
STK061,2024-02-23,-0.023590097548674582
STK061,2024-03-01,0.1873442783164592
STK061,2024-03-08,0.07702581749404766
STK061,2024-03-15,-0.02002052103086538
STK061,2024-03-22,-0.19386179379439455
STK061,2024-03-29,0.028772292479347344
STK061,2024-04-05,-0.18199484884000433
STK061,2024-04-12,-0.22581356755338
STK062,2023-11-10,-0.024961811214320395
STK062,2023-11-17,-0.20307376240678243
STK062,2023-11-24,-0.10878717243155661
STK062,2023-12-01,0.021315313749522335
STK062,2023-12-08,-0.2704692206641109
STK062,2023-12-15,-0.3106787392976548
STK062,2023-12-22,-0.2630586224500185
STK062,2023-12-29,-0.27487567874124835
STK062,2024-01-05,-0.27982805811301975
STK062,2024-01-12,-0.16510491793396853
STK062,2024-01-19,-0.2265703771597244
STK062,2024-01-26,-0.057906794086174274
STK062,2024-02-02,-0.3913842308930425
STK062,2024-02-09,-0.3949369718128492
STK062,2024-02-16,-0.570189868654724
STK062,2024-02-23,-0.7164970103512642
STK062,2024-03-01,-0.6415975864018311
STK062,2024-03-08,-0.5866420165493873
STK062,2024-04-12,-0.747699659285139
STK063,2023-11-10,-0.4738222900838342
STK063,2023-11-17,-0.2840916330685244
STK063,2023-11-24,-0.13251104767574517
STK063,2023-12-01,0.02913658079493117
STK063,2023-12-08,0.02551464520846966
STK063,2023-12-15,0.18980741317873803
STK063,2023-12-22,0.3589081107151909
STK063,2023-12-29,0.300078662437724
STK063,2024-01-05,0.3341931231750381
STK063,2024-01-12,0.25903897872524645
STK063,2024-01-19,0.1626898985231896
STK063,2024-01-26,0.3331028871817252
STK063,2024-02-02,0.05855636583000712
STK063,2024-02-09,-0.01570608829326195
STK063,2024-02-16,0.2181069126964259
STK063,2024-02-23,-0.08352454789086838
STK063,2024-03-01,0.004952445919847948
STK063,2024-03-08,0.062247567683936356
STK063,2024-03-15,-0.17023603227940864
STK063,2024-03-22,-0.1064798859641371
STK064,2023-11-10,-0.3709000250704159
STK064,2023-11-17,-0.402261353331629
STK064,2024-02-09,-0.6254932066846346
STK064,2024-02-16,-0.24885936214521487
STK064,2024-02-23,-0.23653759433757798
STK064,2024-03-01,-0.07159405572730632
STK064,2024-03-08,0.09933899870409088
STK064,2024-03-15,0.18392340770993662
STK064,2024-03-29,0.25767081879194653
STK064,2024-04-05,-0.15436595062887204
STK064,2024-04-12,-0.08525153529225904
STK065,2023-11-10,0.47194314183454344
STK065,2023-11-17,0.39858729378332514
STK065,2023-11-24,0.1671553920098272
STK065,2023-12-01,0.09113426356336868
STK065,2023-12-08,-0.049693616732735146
STK065,2023-12-15,-0.05503518479091174
STK065,2023-12-22,-0.02618820128605348
STK065,2023-12-29,0.1383535160536277
STK065,2024-01-05,0.0264056777407064
STK065,2024-01-12,-0.09481024192279203
STK065,2024-01-19,-0.15136010176378906
STK065,2024-01-26,-0.16643416530973748
STK065,2024-02-02,-0.448377494795064
STK065,2024-02-09,-0.3695431135029758
STK065,2024-03-15,-0.0993244988370468
STK065,2024-03-22,-0.18414564331494387
STK065,2024-03-29,-0.15015774875345073
STK065,2024-04-05,0.05223233488256607
STK065,2024-04-12,0.025952195552395085
STK066,2023-12-08,0.5053540198999213
STK066,2024-01-12,0.31833171122346765
STK066,2024-01-19,0.3540114429696548
STK066,2024-01-26,0.46522338865505153
STK066,2024-02-02,0.5740298928355889
STK066,2024-02-09,0.391213740565767
STK066,2024-02-16,0.39535931556437864
STK066,2024-02-23,0.3545423920049533
STK066,2024-03-01,0.2978995184880379
STK066,2024-03-08,0.47820551591675814
STK067,2023-11-10,-0.19301365758654127
STK067,2023-11-17,-0.2138118549449568
STK067,2023-11-24,-0.39382743304141693
STK067,2023-12-01,-0.39210667604028565
STK067,2023-12-08,-0.06809390476896815
STK067,2023-12-15,-0.329529964398489
STK067,2023-12-22,-0.2683000369734753
STK067,2023-12-29,-0.28368191214495936
STK067,2024-01-05,-0.26275615861885104
STK067,2024-01-12,-0.12174965462124121
STK067,2024-01-19,-0.10419712500342876
STK067,2024-02-23,-0.46353248221954063
STK067,2024-03-01,-0.34208381633455226
STK067,2024-03-08,-0.5186260695678153
STK067,2024-03-15,-0.8068208498145366
STK067,2024-03-22,-0.7515523529273644
STK067,2024-03-29,-0.8326425332659368
STK067,2024-04-05,-0.6694184450972867
STK067,2024-04-12,-0.6284238281592678
STK068,2023-12-15,-0.195982829474255
STK068,2023-12-22,-0.38370883861968824
STK068,2023-12-29,-0.4935824507638164
STK068,2024-01-05,-0.05731200533138281
STK068,2024-01-12,-0.03488716812643322
STK068,2024-01-19,0.048174110700813066
STK068,2024-01-26,0.13697756026190605
STK068,2024-02-02,0.04385162458336009
STK068,2024-02-09,-0.020020040610733647
STK068,2024-02-16,0.025096302276558957
STK068,2024-02-23,-0.19153407340717066
STK068,2024-03-01,-0.30161450246336113
STK068,2024-03-08,0.08129997471281453
STK068,2024-03-15,-0.139817912083959
STK068,2024-03-22,-0.20768616373711807
STK068,2024-03-29,-0.22147871968753036
STK068,2024-04-05,-0.279279673460095
STK068,2024-04-12,-0.42015411087929494
STK069,2023-12-22,0.013394731853045738
STK069,2023-12-29,0.03350605923182082
STK069,2024-01-05,-0.009039009307541368
STK069,2024-01-12,0.14652672539454784
STK069,2024-01-19,-0.27359873078552294
STK069,2024-01-26,0.07465210531112193
STK069,2024-02-02,-0.20937535230161092
STK069,2024-03-08,-0.6114361437164757
STK069,2024-03-15,-0.5061288352203639
STK069,2024-03-22,-0.7155780425393237
STK069,2024-03-29,-0.5348886544562155
STK069,2024-04-05,-0.6005817396557853
STK069,2024-04-12,-0.18171031768393847
STK070,2023-11-10,-0.1350908016438333
STK070,2023-11-17,-0.16585641717036265
STK070,2023-11-24,-0.1557923915886592
STK070,2023-12-01,-0.3264777172040418
STK070,2024-01-05,0.26647032681421984
STK070,2024-01-12,0.3645504267451497
STK070,2024-01-19,0.2921317112982644
STK070,2024-01-26,0.09623294493913695
STK070,2024-02-02,0.021788037101397817
STK070,2024-02-09,-0.1013762447052643
STK070,2024-02-16,0.2452878720084827
STK070,2024-02-23,0.37214537924355007
STK070,2024-03-01,0.2614013714055472
STK070,2024-03-08,0.1297554097971005
STK070,2024-03-15,0.08216990695596896
STK070,2024-03-22,0.2617779543377185
STK070,2024-03-29,0.2656802211143266
STK070,2024-04-05,0.2952491305878634
STK070,2024-04-12,0.45979844936948505
STK071,2023-11-24,0.10550137226750297
STK071,2023-12-01,0.09852210945920295
STK071,2023-12-08,0.11597751437148943
STK071,2023-12-15,0.4873957820677513
STK071,2023-12-22,0.34331492460943
STK071,2023-12-29,0.18132896192206008
STK071,2024-01-05,0.045282512760289606
STK071,2024-01-12,0.10537755353740028
STK071,2024-01-19,-0.23436101501846868
STK071,2024-01-26,-0.016558317113218146
STK071,2024-02-02,-0.12607625549563667
STK071,2024-02-09,-0.19488173372873158
STK071,2024-02-16,-0.4914500372315664
STK071,2024-02-23,-0.7288729489094141
STK071,2024-03-01,-0.8805817443917767
STK071,2024-03-08,-0.7654543677745276
STK071,2024-03-15,-0.5524208349413282
STK071,2024-03-22,-0.8424964913893358
STK071,2024-03-29,-0.2479840844311847
STK071,2024-04-05,-0.35211748775909085
STK071,2024-04-12,-0.24165713115991477
STK072,2023-12-08,0.14187126758367713
STK072,2023-12-15,0.02879860416426469
STK072,2023-12-22,0.6289395806656581
STK072,2023-12-29,0.6540283812247413
STK072,2024-02-02,0.35406122066480405
STK072,2024-02-09,0.25173865368907306
STK072,2024-02-16,0.13232918512975092
STK072,2024-02-23,0.22403248091600925
STK072,2024-03-01,0.25845447229118196
STK072,2024-03-08,0.187213927906423
STK072,2024-03-15,0.22929446154991256
STK072,2024-03-22,0.12314323191979175
STK072,2024-03-29,0.192228155388461
STK072,2024-04-05,0.03172209510481816
STK072,2024-04-12,0.28444580094438965
STK073,2023-11-10,0.3679247365282744
STK073,2023-11-17,0.08499727432452012
STK073,2023-11-24,-0.12478933699428424
STK073,2023-12-01,0.048248466432072534
STK073,2023-12-08,-0.14432730604238742
STK073,2023-12-15,-0.1481560426965724
STK073,2023-12-22,-0.11673394499479445
STK073,2023-12-29,0.009566516673425535
STK073,2024-01-05,-0.05986444040154504
STK073,2024-01-12,-0.12324151466000144
STK073,2024-01-19,-0.15801469858603895
STK073,2024-01-26,-0.017614956525452252
STK073,2024-02-02,-0.0988252519257416
STK073,2024-02-09,-0.15164239616038766
STK073,2024-02-16,0.28089785263121203
STK073,2024-02-23,0.5281500982519209
STK073,2024-03-01,0.5969337660788776
STK073,2024-03-08,0.39093501745435344
STK073,2024-03-15,0.016670316547348435
STK073,2024-03-22,0.03450002992052076
STK073,2024-03-29,0.2792323489638308
STK073,2024-04-05,0.33253569748748596
STK073,2024-04-12,0.34947492788847917
STK074,2023-11-10,0.06355780976084136
STK074,2023-11-17,0.06517688658219242
STK074,2023-11-24,-0.06818817101909552
STK074,2023-12-01,0.06851426022575544
STK074,2023-12-08,0.04590353482909454
STK074,2023-12-15,-0.05522543131448715
STK074,2023-12-22,-0.012591402094122572
STK074,2023-12-29,0.10988322317141612
STK074,2024-01-05,0.1897253118374605
STK074,2024-01-12,0.3805058134960533
STK074,2024-01-19,0.25409004411046054
STK074,2024-01-26,0.1764910184138684
STK074,2024-02-02,0.12695987232216946
STK074,2024-02-09,-0.08805200117150569
STK074,2024-02-16,-0.2067055387575114
STK074,2024-02-23,0.1452522116212972
STK074,2024-03-01,0.08289643407754146
STK074,2024-03-08,0.24733201668962881
STK074,2024-03-15,0.2015106481804947
STK074,2024-03-22,0.5341247867565901
STK074,2024-03-29,0.26262435667735623
STK074,2024-04-05,0.36008593546932266
STK074,2024-04-12,0.35143921473354234
STK075,2023-11-10,-0.2549338495901348
STK075,2023-11-17,-0.26536743624301384
STK075,2023-11-24,-0.3216012147029594
STK075,2023-12-01,-0.4440738875540586
STK075,2023-12-08,-0.29135572391520065
STK075,2023-12-15,-0.4463755723796277
STK075,2023-12-22,-0.6387913108949188
STK075,2023-12-29,-0.4848242294501079
STK075,2024-01-05,-0.3828450168359127
STK075,2024-01-12,-0.4251024093841717
STK075,2024-01-19,-0.39965542508757196
STK075,2024-02-23,-0.2999069842071245
STK075,2024-03-01,-0.24406260201041696
STK075,2024-03-08,-0.4757834102708835
STK075,2024-03-15,-0.29393893286807177
STK075,2024-03-22,-0.30614116027797283
STK075,2024-03-29,-0.4056447261186112
STK075,2024-04-05,-0.24667452154422986
STK075,2024-04-12,-0.2544800958235026
STK076,2023-11-10,-0.10067264977701618
STK076,2023-11-17,-0.32140498559666214
STK076,2023-11-24,-0.43082345166548836
STK076,2023-12-01,-0.2931819734269015
STK076,2023-12-08,-0.24245417847551132
STK076,2023-12-15,-0.1331518461144316
STK076,2023-12-22,-0.208407891521745
STK076,2023-12-29,-0.38194519502713026
STK076,2024-01-05,-0.3079072653644667
STK076,2024-01-12,-0.3235129952885582
STK076,2024-01-19,-0.40808851152878106
STK076,2024-01-26,-0.5645999035346181
STK076,2024-02-02,-0.38679502858408693
STK076,2024-02-09,-0.3789906500234413
STK076,2024-02-16,-0.11760524424939028
STK076,2024-03-22,-0.10292817623107886
STK076,2024-03-29,0.2729252386876761
STK076,2024-04-05,-0.15994347446783547
STK076,2024-04-12,-0.362623278376549
STK077,2023-12-01,0.4523963864832241
STK077,2023-12-08,0.246053491933191
STK077,2023-12-15,0.06542582374892791
STK077,2023-12-22,0.06406284377809499
STK077,2023-12-29,0.1338224933521682
STK077,2024-01-05,0.2710297861675112
STK077,2024-01-12,-0.06399897870801313
STK077,2024-01-19,0.09326763920584213
STK077,2024-01-26,-0.07728239026615619
STK077,2024-02-02,0.23323330779313603
STK077,2024-02-09,0.35013542475820914
STK077,2024-02-16,0.24208378955048593
STK077,2024-02-23,0.11730898982750008
STK077,2024-03-01,-0.04700337476888844
STK077,2024-03-08,0.27110038090070065
STK077,2024-03-15,0.402254352551919
STK077,2024-03-22,0.3136824692633087
STK077,2024-03-29,0.49682371852341095
STK077,2024-04-05,0.3136139274173307
STK077,2024-04-12,0.046202376183813704
STK078,2023-11-10,-0.37325729621103615
STK078,2023-11-17,-0.5085355074582723
STK078,2023-11-24,-0.18690775633209938
STK078,2023-12-01,-0.17206083281644424
STK078,2023-12-08,-0.25506659502168927
STK078,2023-12-15,-0.4441924589295286
STK078,2023-12-22,-0.05670960120533164
STK078,2023-12-29,0.08164689927431618
STK078,2024-01-05,0.029012384498445593
STK078,2024-01-12,0.014347263896120288
STK078,2024-01-19,-0.19123156556659704
STK078,2024-01-26,-0.13395396463492676
STK078,2024-02-02,-0.2886556018298044
STK078,2024-02-09,-0.29589291570660764
STK078,2024-02-16,-0.3145752264157526
STK078,2024-02-23,-0.07789933419926293
STK078,2024-03-01,-0.21807849165842969
STK078,2024-03-08,-0.49009667253753614
STK078,2024-03-15,-0.3990253882925853
STK078,2024-03-22,-0.36750362329000547
STK078,2024-03-29,-0.5412950363649274
STK078,2024-04-05,-0.37656890067820187
STK078,2024-04-12,-0.1884569015646595
STK079,2023-11-10,-0.414971974015601
STK079,2023-11-17,-0.11906305122885885
STK079,2023-11-24,-0.3340682767513414
STK079,2023-12-01,-0.2351270872973708
STK079,2023-12-08,0.09283220377540707
STK079,2023-12-15,0.1548947186405267
STK079,2023-12-22,0.3012494079974425
STK079,2023-12-29,0.42187974745758605
STK079,2024-01-05,0.43781604954984366
STK079,2024-01-12,0.33883705051655877
STK079,2024-01-19,0.22975883229390226
STK079,2024-01-26,0.2921946653610288
STK079,2024-02-02,0.032277799734183266
STK079,2024-02-09,0.09422001607989461
STK079,2024-02-16,0.10065771961060305
STK079,2024-02-23,0.14726606198532258
STK079,2024-03-01,0.014326650020085901
STK079,2024-03-08,0.020969195655385492
STK079,2024-03-15,0.15641402674136978
STK079,2024-03-22,-0.009001894203241018
